1001,joaosilva,joao,silva,joaosilva@teste.com,100000,11999999999,0
1002,joaopereira,joao,pereira,joaopereira@teste.com,200000,31999999999,0
1003,joaosantos,joao,santos,joaosantos@teste.com,300000,83999999999,0
1004,joaogomes,joao,gomes,joaogomes@teste.com,400000,81999999999,0
1005,joaosouza,joao,souza,joaosouza@teste.com,500000,85999999999,0
1006,joaosilva,joao,silva,joaosilva@teste.com,600000,98988888888,0
1007,pedropereira,pedro,pereira,pedropereira@teste.com,300000,81999999999,0
1008,pedrosantos,pedro,santos,pedrosantos@teste.com,400000,85999999999,0
1009,pedrogomes,pedro,gomes,pedrogomes@teste.com,500000,98988888888,0
1010,pedrosouza,pedro,souza,pedrosouza@teste.com,600000,11999999999,0
1011,pedrosilva,pedro,silva,pedrosilva@teste.com,100000,31999999999,0
1012,pedrosilva,pedro,silva,pedrosilva@teste.com,200000,83999999999,0
1013,mariasantos,maria,santos,mariasantos@teste.com,500000,11999999999,0
1014,mariagomes,maria,gomes,mariagomes@teste.com,600000,31999999999,0
1015,mariasouza,maria,souza,mariasouza@teste.com,100000,83999999999,0
1016,mariasilva,maria,silva,mariasilva@teste.com,200000,81999999999,0
1017,mariasilva,maria,silva,mariasilva@teste.com,300000,85999999999,0
1018,mariapereira,maria,pereira,mariapereira@teste.com,400000,98988888888,0
1019,henriquegomes,henrique,gomes,henriquegomes@teste.com,100000,81999999999,0
1020,henriquesouza,henrique,souza,henriquesouza@teste.com,200000,85999999999,0
1021,henriquesilva,henrique,silva,henriquesilva@teste.com,300000,98988888888,0
1022,henriquesilva,henrique,silva,henriquesilva@teste.com,400000,11999999999,0
1023,henriquepereira,henrique,pereira,henriquepereira@teste.com,500000,31999999999,0
1024,henriquesantos,henrique,santos,henriquesantos@teste.com,600000,83999999999,0
1025,luciasouza,lucia,souza,luciasouza@teste.com,300000,11999999999,0
1026,luciasilva,lucia,silva,luciasilva@teste.com,400000,31999999999,0
1027,luciasilva,lucia,silva,luciasilva@teste.com,500000,83999999999,0
1028,luciapereira,lucia,pereira,luciapereira@teste.com,600000,81999999999,0
1029,luciasantos,lucia,santos,luciasantos@teste.com,100000,85999999999,0
1030,luciagomes,lucia,gomes,luciagomes@teste.com,200000,98988888888,0
1031,anasilva,ana,silva,anasilva@teste.com,500000,81999999999,0
1032,anasilva,ana,silva,anasilva@teste.com,600000,85999999999,0
1033,anapereira,ana,pereira,anapereira@teste.com,100000,98988888888,0
1034,anasantos,ana,santos,anasantos@teste.com,200000,11999999999,0
1035,anagomes,ana,gomes,anagomes@teste.com,300000,31999999999,0
1036,anasouza,ana,souza,anasouza@teste.com,400000,83999999999,0